modelos,AIP,MIDA,MINIP,MIP,RAYCASTING
MANIX_cortado_50000.ply,24.043333333333333,25.246666666666666,23.926666666666666,24.03,23.996666666666666
